"1 - UInt32","2 - String","3 - String","4 - String","5 - String","6 - String","7 - String","8 - String","9 - String","10 - String","11 - String","12 - String","13 - String","14 - String","15 - String","16 - String","17 - String","18 - Int32","19 - Int32","20 - Int32","21 - Int32","22 - Int32","23 - Int32","24 - Int32","25 - Int32","26 - Int32","27 - Int32","28 - Int32","29 - Int32","30 - Int32","31 - Int32","32 - Int32","33 - Int32","34 - Int32","35 - Int32","36 - Byte","37 - Byte","38 - Byte"
"100","케쿤","chr\mob_kecoon.n3joint","chr\mob_kecoon.n3anim","item\mob_kecoon_upper.n3cpart","item\mob_kecoon_lower.n3cpart","item\mob_kecoon_head.n3cpart","item\mob_kecoon_hands.n3cpart","item\mob_kecoon_foots.n3cpart","","","","","","","","","-1","12","8","6","0","22","1","2","3","4","5","0","0","0","0","0","0","1","0","100","100"
"200","불칸","chr\mob_bulcan.n3joint","chr\mob_bulcan.n3anim","item\mob_bulcan_body.n3cpart","","item\mob_bulcan_head.n3cpart","","item\mob_bulcan_foot.n3cpart","","","","","","","","","-1","0","0","0","0","22","6","6","7","8","9","0","0","0","0","0","0","1","0","100","100"
"210","비늘 불칸","chr\mob_bulcan.n3joint","chr\mob_bulcan.n3anim","item\mob_bulcan_b_body.n3cpart","","item\mob_bulcan_b_head.n3cpart","","item\mob_bulcan_b_foot.n3cpart","","","","","","","","","-1","0","0","0","0","22","6","6","7","8","9","0","0","0","0","0","0","1","0","100","100"
"300","가볼트","chr\mob_gavolt.n3joint","chr\mob_gavolt.n3anim","item\mob_gavolt_upper.n3cpart","item\mob_gavolt_lower.n3cpart","","item\mob_gavolt_wing.n3cpart","","","","","","","","","","-1","0","0","0","0","0","0","0","0","0","0","0","0","0","0","0","0","1","0","100","100"
"400","클립토돈","chr\mob_glyptodont.n3joint","chr\mob_glyptodont.n3anim","item\mob_glyptodont_body.n3cpart","","","item\mob_glyptodont_hand.n3cpart","item\mob_glyptodont_feet.n3cpart","item\mob_glyptodont_tail.n3cpart","","","","","","","","-1","0","0","0","0","101310","101010","101010","101210","101210","101110","0","101410","101420","0","0","0","1","0","100","100"
"500","늑대인간","chr\mob_wolf.n3joint","chr\mob_wolf.n3anim","item\mob_wolf_upper.n3cpart","item\mob_wolf_lower.n3cpart","item\mob_wolf_face.n3cpart","item\mob_wolf_hands.n3cpart","item\mob_wolf_feet.n3cpart","","","","","","","","","-1","15","7","5","0","22","10","10","11","12","13","0","100430","100430","0","0","0","1","0","100","100"
"506","유니크 늑대인간","chr\mob_wolf.n3joint","chr\mob_wolf.n3anim","item\mob_wolfbig_upper.n3cpart","item\mob_wolfbig_lower.n3cpart","item\mob_wolfbig_face.n3cpart","item\mob_wolfbig_hands.n3cpart","item\mob_wolfbig_foots.n3cpart","","","","","","","","","-1","15","7","5","0","22","10","10","11","12","13","0","0","0","0","0","0","1","0","100","100"
"600","스미르돈","chr\mob_smilodon.n3joint","chr\mob_smilodon.n3anim","item\mob_smilodon_body.n3cpart","","item\mob_smilodon_head.n3cpart","","item\mob_smilodon_foots.n3cpart","item\mob_smilodon_tail.n3cpart","","","","","","","","-1","0","0","0","0","0","103010","103010","103210","103210","103110","0","0","0","0","0","0","1","0","100","100"
"610","스미르돈 투견","chr\mob_smilodon.n3joint","chr\mob_smilodon.n3anim","item\mob_smilodon_b_body.n3cpart","","item\mob_smilodon_b_head.n3cpart","","item\mob_smilodon_b_foots.n3cpart","item\mob_smilodon_b_tail.n3cpart","","","","","","","","-1","0","0","0","0","0","103010","103010","103210","103210","103110","0","0","0","0","0","0","1","0","100","100"
"700","웜","chr\mob_worm.n3joint","chr\mob_worm.n3anim","item\mob_worm_body.n3cpart","","item\mob_worm_head.n3cpart","","","","","","","","","","","-1","0","0","0","0","104310","104010","104010","104210","104210","104110","0","0","0","0","0","0","1","0","100","100"
"800","밴디쿳","chr\mob_bandicoot.n3joint","chr\mob_bandicoot.n3anim","item\mob_bandicoot_upper.n3cpart","item\mob_bandicoot_lower.n3cpart","item\mob_bandicoot_head.n3cpart","","","item\mob_bandicoot_tail.n3cpart","","","","","","","","-1","0","0","0","0","100310","100010","100010","100210","100210","100110","0","100410","100420","0","0","0","1","0","100","100"
"810","비늘 밴디쿳","chr\mob_bandicoot.n3joint","chr\mob_bandicoot.n3anim","item\mob_bandicoot_b_upper.n3cpart","item\mob_bandicoot_b_lower.n3cpart","item\mob_bandicoot_b_head.n3cpart","","","item\mob_bandicoot_b_tail.n3cpart","","","","","","","","-1","0","0","0","0","100310","100010","100010","100210","100210","100110","0","100410","100420","0","0","0","1","0","100","100"
"900","스콜피온","chr\mob_scorpion.n3joint","chr\mob_scorpion.n3anim","item\mob_scorpion_upper.n3cpart","item\mob_scorpion_lower.n3cpart","","","item\mob_scorpion_foots.n3cpart","","","","","","","","","-1","0","0","0","0","102310","102010","102010","102210","102210","102110","0","102410","102420","0","0","0","1","0","100","100"
"907","샤울라","chr\mob_scorpion.n3joint","chr\mob_scorpion.n3anim","item\mob_scorpionbig_upper.n3cpart","item\mob_scorpionbig_lower.n3cpart","","","item\mob_scorpionbig_foot.n3cpart","","","","","","","","","-1","0","0","0","0","102310","102010","102010","102210","102210","102110","0","102410","102420","0","0","0","1","0","100","100"
"908","레사쓰","chr\mob_scorpion.n3joint","chr\mob_scorpion.n3anim","item\mob_scorpionbig_upper.n3cpart","item\mob_scorpionbig_lower.n3cpart","","","item\mob_scorpionbig_foot.n3cpart","","","","","","","","","-1","0","0","0","0","102310","102010","102010","102210","102210","102110","0","102410","102420","0","0","0","1","0","100","100"
"1000","좀비","chr\mob_zombie.n3joint","chr\mob_zombie.n3anim","item\mob_zombie_upper.n3cpart","item\mob_zombie_lower.n3cpart","item\mob_zombie_face.n3cpart","item\mob_zombie_hands.n3cpart","item\mob_zombie_foots.n3cpart","","","","","","","","","-1","17","12","10","0","22","105010","105010","0","0","105110","0","105410","105420","0","0","0","1","0","100","100"
"1100","스켈레톤","chr\mob_skeleton.n3joint","chr\mob_skeleton.n3anim","item\mob_skeleton_upper.n3cpart","item\mob_skeleton_lower.n3cpart","item\mob_skeleton_face.n3cpart","item\mob_skeleton_hands.n3cpart","item\mob_skeleton_foots.n3cpart","","","","","","","","","-1","12","7","5","0","22","107010","107010","107210","107210","107110","0","107410","107420","0","0","0","1","0","100","100"
"1101","쉐도우","chr\mob_skeleton.n3joint","chr\mob_skeleton.n3anim","item\mob_skeleton_upper.n3cpart","item\mob_skeleton_lower.n3cpart","item\mob_skeleton_face.n3cpart","item\mob_skeleton_hands.n3cpart","item\mob_skeleton_foots.n3cpart","","","","","","","","","-1","12","7","5","0","22","107010","107010","107210","107210","107110","0","107410","107420","0","0","0","1","0","50","100"
"1102","용아병","chr\mon_2004skel.n3joint","chr\mon_2004skel.n3anim","item\mon_2004skel_upper.n3cpart","item\mon_2004skel_lower.n3cpart","item\mon_2004skel_head.n3cpart","item\mon_2004skel_hand.n3cpart","item\mon_2004skel_feet.n3cpart","item\mon_2004skel_weapon.n3cpart","","","","","","chr\mon_2004skel.n3chr","","-1","12","7","6","0","22","107010","107010","107210","107210","107110","0","107410","107420","0","0","0","1","0","100","100"
"1200","스콜라","chr\mob_scolar.n3joint","chr\mob_scolar.n3anim","item\mob_scolar_upper.n3cpart","item\mob_scolar_lower.n3cpart","item\mob_scolar_face.n3cpart","item\mob_scolar_hands.n3cpart","","","","","","","","","","-1","12","8","6","0","106310","106010","106010","0","0","106110","0","106410","0","0","0","0","1","0","100","100"
"1201","팬텀","chr\mob_scolar.n3joint","chr\mob_scolar.n3anim","item\mob_scolar_upper.n3cpart","item\mob_scolar_lower.n3cpart","item\mob_scolar_face.n3cpart","item\mob_scolar_hands.n3cpart","","","","","","","","","","-1","12","8","6","0","106310","106010","106010","0","0","106110","0","106410","0","0","0","0","1","0","70","50"
"1300","콩가","chr\mob_kongau.n3joint","chr\mob_kongau.n3anim","item\mob_kongau_upper.n3cpart","item\mob_kongau_lower.n3cpart","item\mob_kongau_face.n3cpart","item\mob_kongau_hands.n3cpart","item\mob_kongau_foots.n3cpart","","","","","","","","","-1","22","17","15","0","22","108010","108010","108210","108210","108110","0","108410","108420","0","0","0","1","0","100","100"
"1310","콩가 업그레이드","chr\mob_kongau.n3joint","chr\mob_kongau.n3anim","item\mob_kongau_b_upper.n3cpart","item\mob_kongau_b_lower.n3cpart","item\mob_kongau_b_face.n3cpart","item\mob_kongau_b_hands.n3cpart","item\mob_kongau_b_foots.n3cpart","","","","","","","","","-1","22","17","15","0","22","108010","108010","108210","108210","108110","0","108410","108420","0","0","0","1","0","100","100"
"1400","아틸라","chr\mob_attila.n3joint","chr\mob_attila.n3anim","item\mob_attila_upper.n3cpart","item\mob_attila_lower.n3cpart","item\mob_attila_head.n3cpart","item\mob_attila_hands.n3cpart","item\mob_attila_feet.n3cpart","","","","","","","","","-1","18","13","11","0","0","0","0","0","0","0","0","0","0","0","0","0","1","0","100","100"
"1410","아틸라","chr\mob_attila.n3joint","chr\mob_attila.n3anim","item\mob_attila_b_upper.n3cpart","item\mob_attila_b_lower.n3cpart","item\mob_attila_b_head.n3cpart","item\mob_attila_b_hands.n3cpart","item\mob_attila_b_feet.n3cpart","","","","","","","","","-1","18","13","11","0","0","0","0","0","0","0","0","0","0","0","0","0","1","0","100","100"
"1601","오크","chr\upc_ka_tu.n3joint","chr\mob_dun_ork.n3anim","item\mob_dun_ork_upper.n3cpart","item\mob_dun_ork_lower.n3cpart","item\mob_dun_ork_helmat.n3cpart","item\mob_dun_ork_hands.n3cpart","item\mob_dun_ork_feets.n3cpart","item\mob_dun_ork_face.n3cpart","","","","","","","","-1","12","7","5","0","22","101","104","602","602","9","9","603","603","0","0","0","1","0","100","100"
"1606","오크 메이지","chr\upc_ka_tu.n3joint","chr\mob_dun_ork_mage.n3anim","item\mob_dun_ork_mage_upper.n3cpart","item\mob_dun_ork_mage_lower.n3cpart","item\mob_dun_ork_mage_helmat.n3cpart","item\mob_dun_ork_mage_hands.n3cpart","item\mob_dun_ork_mage_feets.n3cpart","item\mob_dun_ork_mage_face.n3cpart","","","","","","","","-1","12","7","5","0","22","601","601","602","602","9","9","603","603","0","0","0","1","0","100","100"
"1631","오크로그","chr\upc_ka_tu.n3joint","chr\mob_dun_ork_log.n3anim","item\mob_dun_ork_log_uppper.n3cpart","item\mob_dun_ork_log_lower.n3cpart","item\mob_dun_ork_log_helmat.n3cpart","item\mob_dun_ork_log_hand.n3cpart","item\mob_dun_ork_log_feets.n3cpart","item\mob_dun_ork_log_face.n3cpart","","","","","","","","-1","12","7","5","0","22","106","105","602","602","9","9","603","603","0","0","0","1","0","100","100"
"1636","오크 워리어","chr\upc_ka_tu.n3joint","chr\mob_dun_ork_wa.n3anim","item\mob_dun_ork_wa_upper.n3cpart","item\mob_dun_ork_wa_lower.n3cpart","item\mob_dun_ork_wa_head.n3cpart","item\mob_dun_ork_wa_hand.n3cpart","item\mob_dun_ork_wa_feets.n3cpart","item\mob_dun_ork_wa_helmat.n3cpart","","","","","","","","-1","12","7","5","0","22","14","15","602","602","9","9","603","603","0","0","0","1","0","100","100"
"1637","고스트 워리어","chr\upc_ka_tu.n3joint","chr\mob_dun_ork_wa.n3anim","item\mob_dun_ork_wa_upper.n3cpart","item\mob_dun_ork_wa_lower.n3cpart","item\mob_dun_ork_wa_head.n3cpart","item\mob_dun_ork_wa_hand.n3cpart","item\mob_dun_ork_wa_feets.n3cpart","item\mob_dun_ork_wa_helmat.n3cpart","","","","","","","","-1","12","7","5","0","22","14","15","602","602","9","9","603","603","0","0","0","1","0","70","100"
"1638","뉴 오크","chr\upc_mon_2004ork.n3joint","chr\upc_mon_2004ork.n3anim","item\upc_mon_2004ork_upper.n3cpart","item\upc_mon_2004ork_lowesr.n3cpart","item\upc_mon_2004ork_face.n3cpart","item\upc_mon_2004ork_hand.n3cpart","item\upc_mon_2004ork_feet.n3cpart","item\upc_mon_2004ork_helmat.n3cpart","","","","","","chr\upc_mon_2004ork.n3chr","","-1","12","7","6","0","22","14","15","602","602","9","9","603","603","0","0","0","1","0","100","100"
"1701","트롤","chr\mob_dun_trol.n3joint","chr\mob_kongau.n3anim","item\mob_dun_trol_upper.n3cpart","item\mob_dun_trol_lower.n3cpart","item\mob_dun_trol_head.n3cpart","item\mob_dun_trol_hands.n3cpart","item\mob_dun_trol_feets.n3cpart","","","","","","","","","-1","18","13","11","0","0","0","0","0","0","0","0","0","0","0","0","0","1","0","100","100"
"2000","라미아","chr\mob_ramia.n3joint","chr\mob_ramia.n3anim","item\mob_ramia_upper.n3cpart","item\mob_ramia_lower.n3cpart","item\mob_ramia_head.n3cpart","item\mob_ramia_weapon.n3cpart","","item\mob_ramia_helmet.n3cpart","","","","","","","","-1","32","36","35","0","109120","109150","109160","109140","109140","109170","0","109110","109110","0","0","0","1","0","100","100"
"2001","레이쓰","chr\mob_ramia.n3joint","chr\mob_ramia.n3anim","item\mob_ramia_upper.n3cpart","item\mob_ramia_lower.n3cpart","item\mob_ramia_head.n3cpart","item\mob_ramia_weapon.n3cpart","","item\mob_ramia_helmet.n3cpart","","","","","","","","-1","32","36","35","0","109120","109150","109160","109140","109140","109170","0","109110","109110","0","0","0","1","0","50","100"
"2010","고블린","chr\mob_goblin.n3joint","chr\mob_goblin.n3anim","item\mob_goblin_upper.n3cpart","item\mob_goblin_lower.n3cpart","item\mob_goblin_head.n3cpart","item\mob_goblin_hand.n3cpart","item\mob_goblin_feet.n3cpart","item\mob_goblin_weapon.n3cpart","","","","","","","","-1","12","8","7","0","109420","109450","109460","109440","109440","109470","109470","109410","109410","0","0","0","1","0","100","100"
"2020","스카키","chr\npc_scarky.n3joint","chr\npc_scarky.n3anim","item\npc_scarky_upper.n3cpart","item\npc_scarky_lower.n3cpart","item\npc_scarky_head.n3cpart","item\npc_scarky_hand.n3cpart","item\npc_scarky_feet.n3cpart","item\npc_scarky_wing.n3cpart","","","","","","","","-1","18","13","18","0","109320","109350","109360","109340","109340","109370","0","603","603","0","0","0","1","0","100","100"
"2040","여자엘프","chr\npc_elf_rf.n3joint","chr\npc_moradon_female.n3anim","item\npc_elf_rf_upper.n3cpart","item\npc_elf_rf_lower.n3cpart","item\npc_elf_rf_face.n3cpart","item\npc_elf_rf_hand.n3cpart","item\npc_elf_rf_feet.n3cpart","item\npc_elf_rf_hair.n3cpart","","","","","","","","-1","12","7","0","0","22","0","0","0","0","0","0","0","0","0","0","0","1","1","100","100"
"2050","엘프전사","chr\npc_elf_fighter.n3joint","chr\npc_moradon_fighter.n3anim","item\npc_elf_fighter_upper.n3cpart","item\npc_elf_fighter_lower.n3cpart","item\npc_elf_fighter_face.n3cpart","item\npc_elf_fighter_hand.n3cpart","item\npc_elf_fighter_feet.n3cpart","item\npc_elf_fighter_hair.n3cpart","","","","","","","","-1","12","7","6","0","22","0","0","0","0","0","0","0","0","0","0","0","1","1","100","100"
"2060","사제","chr\npc_moradon_priest.n3joint","chr\npc_moradon_priest.n3anim","item\npc_moradon_priest_upper.n3cpart","item\npc_moradon_priest_lower.n3cpart","item\npc_moradon_priest_head.n3cpart","item\npc_moradon_priest_hands.n3cpart","","item\npc_moradon_priest_hair.n3cpart","","","","","","","","-1","12","7","0","0","22","0","0","0","0","0","0","0","0","0","0","0","1","1","100","100"
"2100","데루비시","chr\mob_deruvisy.n3joint","chr\mob_deruvisy.n3anim","item\mob_deruvisy.n3cpart","","","","","","","","","","","","","-1","22","17","5","0","0","0","0","0","0","0","0","0","0","0","0","0","1","0","100","100"
"2200","하피","chr\mob_harppy.n3joint","chr\mob_harppy.n3anim","item\mob_harppy.n3cpart","","","","","","","","","","","","","-1","12","7","5","0","0","0","0","0","0","0","0","0","0","0","0","0","1","0","100","100"
"2400","스톰골렘","chr\mob_golem.n3joint","chr\mob_golem.n3anim","item\mob_golem_upper.n3cpart","item\mob_golem_lower.n3cpart","","","","","","","","","","","","-1","14","9","8","0","109220","109250","109260","109240","109240","109270","0","109210","109210","0","0","0","1","0","100","100"
"2600","켄타우르스","chr\mob_centaur.n3joint","chr\mob_centaur.n3anim","item\mob_centaur_upper.n3cpart","item\mob_centaur_lower.n3cpart","","","","","","","","","","","chr\mob_centaur.n3fxplug","-1","18","14","11","0","604","605","605","105110","105110","105420","105420","606","606","0","0","10057","1","0","100","100"
"2700","눈사람","chr\mob_snowman.n3joint","chr\mob_snowman.n3anim","item\mob_snowman_body.n3cpart","","","item\mob_snowman_hand.n3cpart","","","","","","","","","","-1","0","0","0","0","0","0","0","0","0","0","0","0","0","0","0","0","1","0","100","100"
"2701","엘모라드 눈사람","chr\mob_elsnowman.n3joint","chr\mob_snowman.n3anim","item\mob_elsnowman_elbody.n3cpart","","item\mob_elsnowman_elhead.n3cpart","item\mob_elsnowman_elhand.n3cpart","","","","","","","","","","-1","0","0","0","0","22","14","15","70","70","71","0","0","0","0","0","0","1","0","100","100"
"2702","카루스 눈사람","chr\mob_kasnowman.n3joint","chr\mob_snowman.n3anim","item\mob_kasnowman_kabody.n3cpart","","item\mob_kasnowman_kahead.n3cpart","item\mob_kasnowman_kahand.n3cpart","","","","","","","","","","-1","0","0","0","0","22","14","15","70","70","71","0","0","0","0","0","0","1","0","100","100"
"2800","드래드메어","chr\npc_scarky.n3joint","chr\npc_scarky.n3anim","item\npc_scarky_upper.n3cpart","item\npc_scarky_lower.n3cpart","item\npc_scarky_head.n3cpart","item\npc_scarky_hand.n3cpart","item\npc_scarky_feet.n3cpart","item\npc_scarky_wing.n3cpart","","","","","","","","-1","18","13","18","0","109320","109350","109360","109340","109340","109370","0","603","603","0","0","0","1","1","100","100"
"2801","드래드메어 업그레이드","chr\npc_scarky.n3joint","chr\npc_scarky.n3anim","item\mob_dreadmare_100dun_upper.n3cpart","item\mob_dreadmare_100dun_lower.n3cpart","item\mob_dreadmare_100dun_head.n3cpart","item\mob_dreadmare_100dun_hand.n3cpart","item\mob_dreadmare_100dun_feet.n3cpart","item\mob_dreadmare_100dun_wing.n3cpart","","","","","","","","-1","18","13","18","0","109320","109350","109360","109340","109340","109370","0","603","603","0","0","0","1","1","100","100"
"3000","서큐버스","Chr\mob_mon_sucubus.n3joint","Chr\mob_mon_sucubus.n3anim","item\mob_mon_sucubus_head.n3cpart","item\mob_mon_sucubus_lower.n3cpart","item\mob_mon_sucubus_upper.n3cpart","","","","","","","","","","","-1","12","7","5","0","109881","109882","109883","109140","109140","109885","0","109881","109881","0","0","109970","1","1","100","100"
"3100","cave leech","Chr\mob_worm_100dun.n3joint","chr\mob_worm.n3anim","item\mob_worm_100dun_body.n3cpart","item\mob_worm_100dun_head.n3cpart","","","","","","","","","","","","-1","0","0","0","0","104310","104010","104010","104210","104210","104110","0","0","0","0","0","0","1","0","100","100"
"3200","burning skeleton","Chr\mob_skeleton_dun100.n3joint","chr\mob_skeleton.n3anim","item\mob_skeleton_dun100_face.n3cpart","item\mob_skeleton_dun100_foots.n3cpart","item\mob_skeleton_dun100_hands.n3cpart","item\mob_skeleton_dun100_lower.n3cpart","item\mob_skeleton_dun100_upper.n3cpart","","","","","","","","","-1","12","7","5","0","22","107010","107010","107210","107210","107110","0","107410","107420","0","0","0","1","0","100","100"
"3300","Blood golem","Chr\mob_golem_100dun.n3chr","chr\mob_golem.n3anim","item\mob_golem_100dun_lower.n3cpart","item\mob_golem_100dun_upper.n3cpart","","","","","","","","","","","","-1","14","9","8","0","109220","109250","109260","109240","109240","109270","0","109210","109210","0","0","0","1","0","100","100"
"3400","black widow","Chr\mob_scorpion_100dun.n3joint","chr\mob_scorpion.n3anim","item\mob_scorpion_100dun_foot.n3cpart","item\mob_scorpion_100dun_lower.n3cpart","item\mob_scorpion_100dun_upper.n3cpart","","","","","","","","","","","-1","0","0","0","0","102310","102010","102010","102210","102210","102110","0","102410","102420","0","0","0","1","0","100","100"
"3500","reaper","Chr\mob_dun_ork_100dun.n3joint","chr\mob_dun_ork_100dun.n3anim","item\mob_dun_ork_100dun_feets.n3cpart","item\mob_dun_ork_100dun_hand.n3cpart","item\mob_dun_ork_100dun_head.n3cpart","item\mob_dun_ork_100dun_helmat.n3cpart","item\mob_dun_ork_100dun_lower.n3cpart","item\mob_dun_ork_100dun_upper.n3cpart","","","","","","","","-1","12","7","5","0","22","10","10","11","12","13","0","100430","100430","0","0","0","1","0","100","100"
"3600","golem_fire","chr\mob_golem_100dun_fire.n3joint","chr\mob_golem.n3anim","item\mob_golem_100dun_fire_lower.n3cpart","item\mob_golem_100dun_fire_upper.n3cpart","","","","","","","","","","","chr\mob_golem_100dun_fire.n3fxplug","-1","14","9","8","0","109220","109250","109260","109240","109240","109270","0","109210","109210","0","0","0","1","0","100","100"
"3700","skeleton_fire","chr\mob_skeleton_100dun_fire.n3joint","chr\mob_skeleton.n3anim","item\mob_skeleton_100dun_fire_face.n3cpart","item\mob_skeleton_100dun_fire_foots.n3cpart","item\mob_skeleton_100dun_fire_hands.n3cpart","item\mob_skeleton_100dun_fire_lower.n3cpart","item\mob_skeleton_100dun_fire_upper.n3cpart","","","","","","","","chr\mob_skeleton_100dun_fire.n3fxplug","-1","12","7","5","0","22","107010","107010","107210","107210","107110","0","107410","107420","0","0","0","1","0","100","100"
"3800","맨티코어","Chr\mob_dun_manticore.n3joint","Chr\mob_manticore.n3anim","item\mob_dun_manticore_face.n3cpart","item\mob_dun_manticore_hand.n3cpart","item\mob_dun_manticore_lower.n3cpart","item\mob_dun_manticore_tail.n3cpart","item\mob_dun_manticore_upper.n3cpart","","","","","","","","","-1","0","0","0","0","102310","102010","102010","102210","102210","102110","0","102410","102420","0","0","10057","1","0","100","100"
"3900","신년괴물","chr\npc_nianshou_01.n3joint","chr\npc_nianshou.n3anim","item\npc_nianshou_01_body00.n3cpart","item\npc_nianshou_01_body01.n3cpart","item\npc_nianshou_01_head.n3cpart","item\npc_nianshou_01_fur.n3cpart","item\npc_nianshou_01_tail.n3cpart","item\npc_nianshou_01_teeth1.n3cpart","","","","","","","","-1","0","0","0","0","110060","110010","110010","110040","110040","110030","0","110020","110020","0","0","0","1","0","100","100"
"4000","에이프","chr\mon_twohead.n3joint","chr\mob_mon_2head.n3anim","item\mon_twohead_upper.n3cpart","item\mon_twohead_lower.n3cpart","item\mon_twohead_head00.n3cpart","item\mon_twohead_hand.n3cpart","item\mon_twohead_weapon.n3cpart","item\mon_twohead_head01.n3cpart","","","","","","Chr\mon_twohead.n3chr","","-1","15","20","18","0","110150","110110","110110","602","602","110120","110120","603","603","0","0","0","1","0","100","100"
"4100","호넷","chr\monster_bee.n3joint","chr\mob_mon_bee.n3anim","item\monster_bee_upper.n3cpart","item\monster_bee_lower.n3cpart","item\monster_bee_headwing.n3cpart","","","","","","","","","Chr\monster_bee.n3chr","","-1","0","0","0","0","110230","110210","110210","0","0","110220","110220","110240","110240","0","0","0","1","0","100","100"
"4200","그렐","chr\mob_mon_bigeye.n3joint","chr\mob_mon_bigeye.n3anim","item\mob_mon_bigeye_body.n3cpart","item\mob_mon_bigeye_eye.n3cpart","","item\mob_mon_bigeye_tail.n3cpart","item\mob_mon_bigeye_tail2.n3cpart","","","","","","","Chr\mob_mon_bigeye.n3chr","","-1","0","0","0","0","0","110310","110310","0","0","110320","110320","0","0","0","0","0","1","0","100","100"
"4300","타이온","chr\mob_mon_bigpig.n3joint","chr\mob_mon_bigpig.n3anim","item\mob_mon_bigpig_body.n3cpart","item\mob_mon_bigpig_back.n3cpart","item\mob_mon_bigpig_head.n3cpart","item\mob_mon_bigpig_horn.n3cpart","","","","","","","","Chr\mob_mon_bigpig.n3chr","","-1","0","0","0","0","0","110610","110610","0","0","110620","110620","0","0","0","0","0","1","0","100","100"
"4400","그레이오즈","chr\mob_mon_bigworm.n3joint","chr\mob_mon_bigworm.n3anim","item\mob_mon_bigworm_body.n3cpart","item\mob_mon_bigworm_body2.n3cpart","item\mob_mon_bigworm_head.n3cpart","item\mob_mon_bigworm_horn.n3cpart","","","","","","","","Chr\mob_mon_bigworm.n3chr","chr\mob_mon_bigworm.n3fxplug","-1","0","0","0","0","110410","110420","110420","104210","104210","110430","110430","0","0","0","0","0","1","0","100","100"
"4500","리치","chr\mob_mon_ghost.n3joint","chr\mob_mon_ghost.n3anim","item\mob_mon_ghost_upper.n3cpart","item\mob_mon_ghost_lower.n3cpart","item\mob_mon_ghost_face.n3cpart","item\mob_mon_ghost_hand.n3cpart","item\mob_mon_ghost_weapon.n3cpart","item\mob_mon_ghost_helmat.n3cpart","item\mob_mon_ghost_cloth.n3cpart","","","","","Chr\mob_mon_ghost.n3chr","chr\mob_mon_ghost.n3fxplug","-1","14","9","7","0","0","110510","110510","0","0","110520","110520","0","0","0","0","0","1","0","80","100"
"4600","리자드맨","chr\ch_m_lizarg.n3joint","chr\ch_m_lizarg.n3anim","item\ch_m_lizarg_upper.n3cpart","","item\ch_m_lizarg_face.n3cpart","item\ch_m_lizarg_hands.n3cpart","item\ch_m_lizarg_feets.n3cpart","item\ch_m_lizarg_himds","","","","","","Chr\ch_m_lizarg.n3chr","","-1","11","16","15","0","0","0","0","0","0","0","0","0","0","0","0","0","1","0","100","100"
"4700","진흙맨","chr\ch_m_quag.n3joint","chr\ch_monst_quag.n3anim","item\ch_m_quag_upper.n3cpart","item\ch_m_quag_lower.n3cpart","item\ch_m_quag_face.n3cpart","item\ch_m_quag_hands.n3cpart","","","","","","","","Chr\ch_m_quag.n3chr","","-1","12","17","16","0","0","0","0","0","0","0","0","0","0","0","0","0","1","0","100","100"
"4800","파토스 사자","chr\mon_patos.n3joint","chr\mon_patoscap.n3anim","item\mon_patos_body.n3cpart","item\mon_patos_hands.n3cpart","item\mon_patos_head.n3cpart","item\mon_patos_armor.n3cpart","item\mon_patos_nat.n3cpart","","","","","","","Chr\mon_patos.n3chr","","-1","28","21","20","0","0","0","0","0","0","0","0","0","0","0","0","0","1","0","100","100"
"4900","이실론","chr\suho_su.n3joint","chr\mon_suho.n3anim","item\suho_su_upper.n3cpart","item\suho_su_lower.n3cpart","item\suho_su_face.n3cpart","item\suho_su_arm_feet.n3cpart","item\suho_su_weapon.n3cpart","item\suho_su_hair.n3cpart","","","","","","Chr\suho_su.n3chr","","-1","43","60","27","0","0","0","0","0","0","0","0","0","0","0","0","0","1","0","100","100"
"5000","이실론 부하","Chr\mon_shsbuha.n3joint","Chr\mon_shsbuha.n3anim","item\mon_shsbuha_upper.n3cpart","item\mon_shsbuha_lower.n3cpart","item\mon_shsbuha_face.n3cpart","item\mon_shsbuha_arm_feet.n3cpart","item\mon_shsbuha_weapon.n3cpart","","","","","","","Chr\mon_shsbuha.n3chr","","-1","26","14","11","0","0","0","0","0","0","0","0","0","0","0","0","0","1","0","100","100"
"5100","나무귀신1","Chr\obj_ch_m_h_tree.n3joint","Chr\obj_ch_m_h_tree.n3anim","item\obj_ch_m_h_tree_upper.n3cpart","item\obj_ch_m_h_tree_twig.n3cpart","item\obj_ch_m_h_tree_face.n3cpart","item\obj_ch_m_h_tree_hands.n3cpart","item\obj_ch_m_h_tree_feets.n3cpart","","","","","","","Chr\obj_ch_m_h_tree.n3chr","","-1","12","7","7","0","0","0","0","0","0","0","0","0","0","0","0","0","1","0","100","100"
"5200","나무귀신2","Chr\obj_ch_m_l_tree.n3joint","Chr\obj_ch_tree.n3anim","item\obj_ch_m_l_tree_upper.n3cpart","item\obj_ch_m_l_tree_twig.n3cpart","item\obj_ch_m_l_tree_face.n3cpart","item\obj_ch_m_l_tree_hands.n3cpart","item\obj_ch_m_l_tree_feets.n3cpart","","","","","","","Chr\obj_ch_m_l_tree.n3chr","","-1","0","0","0","0","0","0","0","0","0","0","0","0","0","0","0","0","1","0","100","100"
"5301","엘모캐논","chr\obj_free_canon_el.n3joint","chr\canon.n3anim","item\obj_free_canon_el_thorn.n3cpart","item\obj_free_canon_el_po.n3cpart","item\obj_free_canon_el_base.n3cpart","","","","","","","","","","","-1","0","0","0","0","0","0","0","0","0","0","0","0","0","0","0","0","0","0","100","100"
"5302","엘모캐논","chr\obj_free_canon_el.n3joint","chr\canon.n3anim","item\obj_free_canon_el_thorn.n3cpart","item\obj_free_canon_el_po.n3cpart","item\obj_free_canon_el_base.n3cpart","","","","","","","","","","","-1","0","0","0","0","0","0","0","0","0","0","0","0","0","0","0","0","0","0","100","100"
"5303","엘모캐논","chr\obj_free_canon_el.n3joint","chr\canon.n3anim","item\obj_free_canon_el_thorn.n3cpart","item\obj_free_canon_el_po.n3cpart","item\obj_free_canon_el_base.n3cpart","","","","","","","","","","","-1","0","0","0","0","0","0","0","0","0","0","0","0","0","0","0","0","0","0","100","100"
"5304","엘모캐논","chr\obj_free_canon_el.n3joint","chr\canon.n3anim","item\obj_free_canon_el_thorn.n3cpart","item\obj_free_canon_el_po.n3cpart","item\obj_free_canon_el_base.n3cpart","","","","","","","","","","","-1","0","0","0","0","0","0","0","0","0","0","0","0","0","0","0","0","0","0","100","100"
"5401","카루캐논","chr\obj_free_canon_ka.n3joint","chr\canon.n3anim","item\obj_free_canon_ka_thorn.n3cpart","item\obj_free_canon_ka_po.n3cpart","item\obj_free_canon_ka_base.n3cpart","","","","","","","","","","","-1","0","0","0","0","0","0","0","0","0","0","0","0","0","0","0","0","0","0","100","100"
"5402","카루캐논","chr\obj_free_canon_ka.n3joint","chr\canon.n3anim","item\obj_free_canon_ka_thorn.n3cpart","item\obj_free_canon_ka_po.n3cpart","item\obj_free_canon_ka_base.n3cpart","","","","","","","","","","","-1","0","0","0","0","0","0","0","0","0","0","0","0","0","0","0","0","0","0","100","100"
"5403","카루캐논","chr\obj_free_canon_ka.n3joint","chr\canon.n3anim","item\obj_free_canon_ka_thorn.n3cpart","item\obj_free_canon_ka_po.n3cpart","item\obj_free_canon_ka_base.n3cpart","","","","","","","","","","","-1","0","0","0","0","0","0","0","0","0","0","0","0","0","0","0","0","0","0","100","100"
"5404","카루캐논","chr\obj_free_canon_ka.n3joint","chr\canon.n3anim","item\obj_free_canon_ka_thorn.n3cpart","item\obj_free_canon_ka_po.n3cpart","item\obj_free_canon_ka_base.n3cpart","","","","","","","","","","","-1","0","0","0","0","0","0","0","0","0","0","0","0","0","0","0","0","0","0","100","100"
"11000","엘모라드 경비병","chr\npc_el_guard.n3joint","chr\npc_el_knight.n3anim","item\npc_el_guard_upper.n3cpart","item\npc_el_guard_lower.n3cpart","item\npc_el_guard_face.n3cpart","item\npc_el_guard_hands.n3cpart","item\npc_el_guard_feet.n3cpart","item\npc_el_guard_hair.n3cpart","","","","","","","","-1","12","7","5","0","22","14","15","16","16","18","0","0","0","0","0","0","1","0","100","100"
"11001","엘모라드 경비병","chr\npc_el_guard.n3joint","chr\npc_el_knight.n3anim","item\npc_el_guard_upper.n3cpart","item\npc_el_guard_lower.n3cpart","item\npc_el_guard_face.n3cpart","item\npc_el_guard_hands.n3cpart","item\npc_el_guard_feet.n3cpart","item\npc_el_guard_hair.n3cpart","","","","","","","","-1","12","7","5","0","22","14","15","16","16","18","0","0","0","0","0","0","1","0","100","100"
"11100","아샤크","chr\npc_mo_isaac.n3joint","chr\npc_mo_isaac.n3anim","item\npc_mo_isaac_upper.n3cpart","item\npc_mo_isaac_lower.n3cpart","item\npc_mo_isaac_head.n3cpart","item\npc_mo_isaac_hand.n3cpart","item\npc_mo_isaac_feets.n3cpart","item\npc_mo_isaac_hair.n3cpart","","","","","","","","-1","12","7","5","0","22","14","15","16","16","18","0","0","0","0","0","0","1","1","100","100"
"11510","엘모라드 서기관","chr\npc_el_changer.n3joint","chr\npc_el_knight.n3anim","item\npc_el_changer_upper.n3cpart","item\npc_el_changer_lower.n3cpart","item\npc_el_changer_head.n3cpart","item\npc_el_changer_hands.n3cpart","item\npc_el_changer_foots.n3cpart","item\npc_el_changer_hair.n3cpart","item\npc_el_changer_cloth.n3cpart","","","","","","","-1","12","7","5","0","22","14","15","19","20","21","0","0","0","0","0","0","1","1","100","100"
"11610","엘모라드 캡틴","chr\npc_el_knight.n3joint","chr\npc_el_knight.n3anim","item\npc_el_knight_upper.n3cpart","item\npc_el_knight_lower.n3cpart","item\npc_el_knight_head.n3cpart","item\npc_el_knight_hands.n3cpart","item\npc_el_knight_foots.n3cpart","item\npc_el_knight_hair.n3cpart","item\npc_el_knght_cloth.n3cpart","","","","","","","-1","12","7","5","0","22","14","15","16","16","18","0","0","0","0","0","0","1","1","100","100"
"12000","엘모라드 여관주인","chr\npc_el_inn.n3joint","chr\npc_el_inn.n3anim","item\npc_el_inn_upper.n3cpart","item\npc_el_inn_lower.n3cpart","item\npc_el_inn_head.n3cpart","item\npc_el_inn_hands.n3cpart","","item\npc_el_inn_hair.n3cpart","","","","","","","","-1","12","7","5","0","0","0","0","19","20","21","0","0","0","0","0","0","1","1","100","100"
"12100","엘모라드 상점주인","chr\npc_el_shop.n3joint","chr\npc_el_shop.n3anim","item\npc_el_shop_upper.n3cpart","item\npc_el_shop_lower.n3cpart","item\npc_el_shop_head.n3cpart","item\npc_el_shop_hands.n3cpart","item\npc_el_shop_foots.n3cpart","","","","","","","","","-1","15","7","5","0","22","14","15","16","16","18","0","0","0","0","0","0","1","1","100","100"
"12200","엘모라드 대장장이","chr\npc_el_smith.n3joint","chr\npc_el_smith.n3anim","item\npc_el_smith_upper.n3cpart","item\npc_el_smith_lower.n3cpart","item\npc_el_smith_head.n3cpart","item\npc_el_smith_hands.n3cpart","item\npc_el_smith_foots.n3cpart","item\npc_el_smith_hair.n3cpart","","","","","","","","-1","12","7","5","0","22","14","15","16","16","18","0","0","0","0","0","0","1","1","100","100"
"13101","워리어바바리안","Chr\upc_el_ba.n3joint","Chr\npc_el_ba.n3Anim","item\2_0030_11_1.n3cpart","item\2_0030_11_2.n3cpart","item\upc_el_ba_face.n3cpart","item\2_0030_11_4.n3cpart","item\2_0030_11_5.n3cpart","item\upc_el_ba_hair.n3cpart","","","","","","","","-1","12","7","5","0","22","14","15","25","25","30","0","0","0","0","0","0","1","0","100","100"
"13102","블레이드바바리안","Chr\upc_el_ba.n3joint","Chr\npc_el_ba.n3Anim","item\2_0070_11_1.n3cpart","item\2_0070_11_2.n3cpart","item\upc_el_ba_face.n3cpart","item\2_0070_11_4.n3cpart","item\2_0070_11_5.n3cpart","item\upc_el_ba_hair.n3cpart","","","","","","","","-1","12","7","5","0","22","14","15","25","25","30","0","0","0","0","0","0","1","0","100","100"
"13103","블레이드 마스터바바리안","Chr\upc_el_ba.n3joint","Chr\npc_el_ba.n3Anim","item\2_0800_11_1.n3cpart","item\2_0800_11_2.n3cpart","item\upc_el_ba_face.n3cpart","item\2_0800_11_4.n3cpart","item\2_0800_11_5.n3cpart","item\upc_el_ba_hair.n3cpart","","","","","","","","-1","12","7","5","0","22","14","15","25","25","30","0","0","0","0","0","0","1","0","100","100"
"13104","워리어남전사","Chr\upc_el_rm.n3joint","Chr\npc_el_rm_war.n3Anim","item\2_0010_12_1.n3cpart","item\2_0010_12_2.n3cpart","item\upc_el_rm_face.n3cpart","item\2_0010_12_4.n3cpart","item\2_0010_12_5.n3cpart","item\upc_el_rm_hair.n3cpart","","","","","","","","-1","12","7","5","0","22","14","15","16","16","18","0","0","0","0","0","0","1","0","100","100"
"13105","블레이드남전사","Chr\upc_el_rm.n3joint","Chr\npc_el_rm_war.n3Anim","item\2_0070_12_1.n3cpart","item\2_0070_12_2.n3cpart","item\upc_el_rm_face.n3cpart","item\2_0070_12_4.n3cpart","item\2_0070_12_5.n3cpart","item\upc_el_rm_hair.n3cpart","","","","","","","","-1","12","7","5","0","22","14","15","16","16","18","0","0","0","0","0","0","1","0","100","100"
"13106","블레이드 마스터남전사","Chr\upc_el_rm.n3joint","Chr\npc_el_rm_war.n3Anim","item\2_0800_12_1.n3cpart","item\2_0800_12_2.n3cpart","item\upc_el_rm_face.n3cpart","item\2_0800_12_4.n3cpart","item\2_0800_12_5.n3cpart","item\upc_el_rm_hair.n3cpart","","","","","","","","-1","12","7","5","0","22","14","15","16","16","18","0","0","0","0","0","0","1","0","100","100"
"13107","워리어여전사","Chr\upc_el_rf.n3joint","Chr\npc_el_rf_war.n3Anim","item\2_0012_13_1.n3cpart","item\2_0012_13_2.n3cpart","item\upc_el_rf_face.n3cpart","item\2_0012_13_4.n3cpart","item\2_0012_13_5.n3cpart","item\upc_el_rf_hair.n3cpart","","","","","","","","-1","12","7","5","0","22","14","15","19","19","21","0","0","0","0","0","0","1","0","100","100"
"13108","블레이드여전사","Chr\upc_el_rf.n3joint","Chr\npc_el_rf_war.n3Anim","item\2_0070_13_1.n3cpart","item\2_0070_13_2.n3cpart","item\upc_el_rf_face.n3cpart","item\2_0070_13_4.n3cpart","item\2_0070_13_5.n3cpart","item\upc_el_rf_hair.n3cpart","","","","","","","","-1","12","7","5","0","22","14","15","19","19","21","0","0","0","0","0","0","1","0","100","100"
"13109","블레이드 마스터여전사","Chr\upc_el_rf.n3joint","Chr\npc_el_rf_war.n3Anim","item\2_0800_13_1.n3cpart","item\2_0800_13_2.n3cpart","item\upc_el_rf_face.n3cpart","item\2_0800_13_4.n3cpart","item\2_0800_13_5.n3cpart","item\upc_el_rf_hair.n3cpart","","","","","","","","-1","12","7","5","0","22","14","15","19","19","21","0","0","0","0","0","0","1","0","100","100"
"13201","로그남로그","Chr\upc_el_rm.n3joint","Chr\npc_el_rm_rog.n3Anim","item\2_0010_12_1.n3cpart","item\2_0010_12_2.n3cpart","item\upc_el_ba_face.n3cpart","item\2_0010_12_4.n3cpart","item\2_0010_12_5.n3cpart","item\upc_el_rm_hair.n3cpart","","","","","","","","-1","12","7","5","0","22","14","15","16","16","18","0","0","0","0","0","0","1","0","100","100"
"13202","레인져남로그","Chr\upc_el_rm.n3joint","Chr\npc_el_rm_rog.n3Anim","item\2_0070_12_1.n3cpart","item\2_0070_12_2.n3cpart","item\upc_el_ba_face.n3cpart","item\2_0070_12_4.n3cpart","item\2_0070_12_5.n3cpart","item\upc_el_rm_hair.n3cpart","","","","","","","","-1","12","7","5","0","22","14","15","16","16","18","0","0","0","0","0","0","1","0","100","100"
"13203","레인져 마스터남로그","Chr\upc_el_rm.n3joint","Chr\npc_el_rm_rog.n3Anim","item\2_0800_12_1.n3cpart","item\2_0800_12_2.n3cpart","item\upc_el_ba_face.n3cpart","item\2_0800_12_4.n3cpart","item\2_0800_12_5.n3cpart","item\upc_el_rm_hair.n3cpart","","","","","","","","-1","12","7","5","0","22","14","15","16","16","18","0","0","0","0","0","0","1","0","100","100"
"13204","로그여로그","Chr\upc_el_rf.n3joint","Chr\npc_el_rf_rog.n3Anim","item\2_0010_13_1.n3cpart","item\2_0010_13_2.n3cpart","item\upc_el_rm_face.n3cpart","item\2_0010_13_4.n3cpart","item\2_0010_13_5.n3cpart","item\upc_el_rf_hair.n3cpart","","","","","","","","-1","12","7","5","0","22","14","15","19","19","21","0","0","0","0","0","0","1","0","100","100"
"13205","레인져여로그","Chr\upc_el_rf.n3joint","Chr\npc_el_rf_rog.n3Anim","item\2_0070_13_1.n3cpart","item\2_0070_13_2.n3cpart","item\upc_el_rm_face.n3cpart","item\2_0070_13_4.n3cpart","item\2_0070_13_5.n3cpart","item\upc_el_rf_hair.n3cpart","","","","","","","","-1","12","7","5","0","22","14","15","19","19","21","0","0","0","0","0","0","1","0","100","100"
"13206","레인져 마스터여로그","Chr\upc_el_rf.n3joint","Chr\npc_el_rf_rog.n3Anim","item\2_0800_13_1.n3cpart","item\2_0800_13_2.n3cpart","item\upc_el_rm_face.n3cpart","item\2_0800_13_4.n3cpart","item\2_0800_13_5.n3cpart","item\upc_el_rf_hair.n3cpart","","","","","","","","-1","12","7","5","0","22","14","15","19","19","21","0","0","0","0","0","0","1","0","100","100"
"13301","위자드남법사","Chr\upc_el_rm.n3joint","Chr\npc_el_rm_mage.n3Anim","item\2_6100_12_1.n3cpart","item\2_6100_12_2.n3cpart","item\upc_el_rf_face.n3cpart","item\2_6100_12_4.n3cpart","item\2_6100_12_5.n3cpart","item\upc_el_rm_hair.n3cpart","","","","","","","","-1","12","7","5","0","22","14","15","16","16","18","0","0","0","0","0","0","1","0","100","100"
"13302","메이지남법사","Chr\upc_el_rm.n3joint","Chr\npc_el_rm_mage.n3Anim","item\2_6200_12_1.n3cpart","item\2_6200_12_2.n3cpart","item\upc_el_rf_face.n3cpart","item\2_6200_12_4.n3cpart","item\2_6200_12_5.n3cpart","item\upc_el_rm_hair.n3cpart","","","","","","","","-1","12","7","5","0","22","14","15","16","16","18","0","0","0","0","0","0","1","0","100","100"
"13303","아크 메이지남법사","Chr\upc_el_rm.n3joint","Chr\npc_el_rm_mage.n3Anim","item\2_6300_12_1.n3cpart","item\2_6300_12_2.n3cpart","item\upc_el_rf_face.n3cpart","item\2_6300_12_4.n3cpart","item\2_6300_12_5.n3cpart","item\upc_el_rm_hair.n3cpart","","","","","","","","-1","12","7","5","0","22","14","15","16","16","18","0","0","0","0","0","0","1","0","100","100"
"13304","위자드여법사","Chr\upc_el_rf.n3joint","Chr\npc_el_rf_mage.n3Anim","item\2_6100_13_1.n3cpart","item\2_6100_13_2.n3cpart","item\upc_el_ba_face.n3cpart","item\2_6100_13_4.n3cpart","item\2_6100_13_5.n3cpart","item\upc_el_rf_hair.n3cpart","","","","","","","","-1","12","7","5","0","22","14","15","19","19","21","0","0","0","0","0","0","1","0","100","100"
"13305","메이지여법사","Chr\upc_el_rf.n3joint","Chr\npc_el_rf_mage.n3Anim","item\2_6200_13_1.n3cpart","item\2_6200_13_2.n3cpart","item\upc_el_ba_face.n3cpart","item\2_6200_13_4.n3cpart","item\2_6200_13_5.n3cpart","item\upc_el_rf_hair.n3cpart","","","","","","","","-1","12","7","5","0","22","14","15","19","19","21","0","0","0","0","0","0","1","0","100","100"
"13306","아크 메이지여법사","Chr\upc_el_rf.n3joint","Chr\npc_el_rf_mage.n3Anim","item\2_6300_13_1.n3cpart","item\2_6300_13_2.n3cpart","item\upc_el_ba_face.n3cpart","item\2_6300_13_4.n3cpart","item\2_6300_13_5.n3cpart","item\upc_el_rf_hair.n3cpart","","","","","","","","-1","12","7","5","0","22","14","15","19","19","21","0","0","0","0","0","0","1","0","100","100"
"13401","프리스트남사제","Chr\upc_el_rm.n3joint","Chr\npc_el_rm_prist.n3Anim","item\2_0810_12_1.n3cpart","item\2_0810_12_2.n3cpart","item\upc_el_rm_face.n3cpart","item\2_0810_12_4.n3cpart","item\2_0810_12_5.n3cpart","item\upc_el_rm_hair.n3cpart","","","","","","","","-1","12","7","5","0","22","14","15","16","16","18","0","0","0","0","0","0","1","0","100","100"
"13402","클레릭남사제남사제","Chr\upc_el_rm.n3joint","Chr\npc_el_rm_prist.n3Anim","item\2_0820_12_1.n3cpart","item\2_0820_12_2.n3cpart","item\upc_el_rm_face.n3cpart","item\2_0820_12_4.n3cpart","item\2_0820_12_5.n3cpart","item\upc_el_rm_hair.n3cpart","","","","","","","","-1","12","7","5","0","22","14","15","16","16","18","0","0","0","0","0","0","1","0","100","100"
"13403","아크 클레릭남사제","Chr\upc_el_rm.n3joint","Chr\npc_el_rm_prist.n3Anim","item\2_0820_12_1.n3cpart","item\2_0820_12_2.n3cpart","item\upc_el_rm_face.n3cpart","item\2_0820_12_4.n3cpart","item\2_0820_12_5.n3cpart","item\upc_el_rm_hair.n3cpart","","","","","","","","-1","12","7","5","0","22","14","15","16","16","18","0","0","0","0","0","0","1","0","100","100"
"13404","프리스트여사제","Chr\upc_el_rf.n3joint","Chr\npc_el_rf_prist.n3Anim","item\2_0810_13_1.n3cpart","item\2_0810_13_2.n3cpart","item\upc_el_rf_face.n3cpart","item\2_0810_13_4.n3cpart","item\2_0810_13_5.n3cpart","item\upc_el_rf_hair.n3cpart","","","","","","","","-1","12","7","5","0","22","14","15","19","19","21","0","0","0","0","0","0","1","0","100","100"
"13405","클레릭여사제","Chr\upc_el_rf.n3joint","Chr\npc_el_rf_prist.n3Anim","item\2_0820_13_1.n3cpart","item\2_0820_13_2.n3cpart","item\upc_el_rf_face.n3cpart","item\2_0820_13_4.n3cpart","item\2_0820_13_5.n3cpart","item\upc_el_rf_hair.n3cpart","","","","","","","","-1","12","7","5","0","22","14","15","19","19","21","0","0","0","0","0","0","1","0","100","100"
"13406","아크 클레릭여사제","Chr\upc_el_rf.n3joint","Chr\npc_el_rf_prist.n3Anim","item\2_0820_13_1.n3cpart","item\2_0820_13_2.n3cpart","item\upc_el_rf_face.n3cpart","item\2_0820_13_4.n3cpart","item\2_0820_13_5.n3cpart","item\upc_el_rf_hair.n3cpart","","","","","","","","-1","12","7","5","0","22","14","15","19","19","21","0","0","0","0","0","0","1","0","100","100"
"14000","피아나 수호석","Chr\obj_04el_gardston_piana.n3joint","","item\obj_04el_gardston_piana_ruf.n3cpart","item\obj_04el_gardston_piana_pol01.n3cpart","item\obj_04el_gardston_piana_pol00.n3cpart","item\obj_04el_gardston_piana_bel.n3cpart","item\obj_04el_gardston_piana_ba0.n3cpart","","","","","","","Chr\obj_04el_gardston_piana.n3chr","Chr\obj_04el_gardston_piana.n3fxplug","-1","0","0","0","0","0","0","0","0","0","0","0","0","0","0","1","0","0","1","100","100"
"14001","아스가 수호석","Chr\obj_04el_gardston_asga.n3joint","Chr\el_gardston_asga_stone.n3anim","item\obj_04el_gardston_asga_tree02.n3cpart","item\obj_04el_gardston_asga_tree01.n3cpart","item\obj_04el_gardston_asga_stone.n3cpart","item\obj_04el_gardston_asga_ip.n3cpart","","","","","","","","Chr\obj_04el_gardston_asga.n3chr","Chr\obj_04el_gardston_asga.n3fxplug","-1","0","0","0","0","0","0","0","0","0","0","0","0","0","0","1","0","0","1","100","100"
"14002","라이바 수호석","Chr\obj_04el_gardston_raiba.n3joint","","item\ytbodyupper.n3cpart","item\utbodylower.n3cpart","item\inbodyupper.n3cpart","item\inbodylower.n3cpart","","","","","","","","Chr\obj_04el_gardston_raiba.n3chr","Chr\obj_04el_gardston_raiba.n3fxplug","-1","0","0","0","0","0","0","0","0","0","0","0","0","0","0","1","0","0","1","100","100"
"21000","카루스 경비병","chr\npc_ka_guard.n3joint","chr\npc_ka_knight.n3anim","item\npc_ka_guard_upper.n3cpart","item\npc_ka_guard_lower.n3cpart","item\npc_ka_guard_face.n3cpart","item\npc_ka_guard_hands.n3cpart","item\npc_ka_guard_feet.n3cpart","","","","","","","","","-1","12","7","5","0","22","14","15","16","16","18","0","0","0","0","0","0","1","0","100","100"
"21001","카루스 경비병","chr\npc_ka_guard.n3joint","chr\npc_ka_knight.n3anim","item\npc_ka_guard_upper.n3cpart","item\npc_ka_guard_lower.n3cpart","item\npc_ka_guard_face.n3cpart","item\npc_ka_guard_hands.n3cpart","item\npc_ka_guard_feet.n3cpart","","","","","","","","","-1","12","7","5","0","22","14","15","16","16","18","0","0","0","0","0","0","1","0","100","100"
"21510","카루스 서기관","chr\npc_ka_changer.n3joint","chr\npc_ka_knight.n3anim","item\npc_ka_changer_upper.n3cpart","","item\npc_ka_changer_head.n3cpart","item\npc_ka_changer_hands.n3cpart","item\npc_ka_changer_foots.n3cpart","item\npc_ka_changer_helmat.n3cpart","","","","","","","","-1","12","7","5","0","22","14","15","16","16","18","0","0","0","0","0","0","1","1","100","100"
"21610","카루스 캡틴","chr\npc_ka_knight.n3joint","chr\npc_ka_knight.n3anim","item\npc_ka_knight_upper.n3cpart","item\npc_ka_knight_lower.n3cpart","item\npc_ka_knight_head.n3cpart","item\npc_ka_knight_hands.n3cpart","item\npc_ka_knight_foots.n3cpart","item\npc_ka_knight_hair.n3cpart","","","","","","","","-1","12","7","5","0","22","14","15","16","16","18","0","0","0","0","0","0","1","1","100","100"
"22000","카루스 여관주인","chr\npc_ka_inn.n3joint","chr\npc_ka_inn.n3anim","item\npc_ka_inn_upper.n3cpart","item\npc_ka_inn_lower.n3cpart","item\npc_ka_inn_face.n3cpart","item\npc_ka_inn_hand.n3cpart","","","","","","","","","","-1","12","7","5","0","0","0","0","19","20","21","0","0","0","0","0","0","1","1","100","100"
"22100","카루스 상점주인","chr\npc_ka_shop.n3joint","chr\npc_ka_shop.n3anim","item\npc_ka_shop_upper.n3cpart","item\npc_ka_shop_lower.n3cpart","item\npc_ka_shop_head.n3cpart","item\npc_ka_shop_hands.n3cpart","item\npc_ka_shop_foots.n3cpart","item\npc_ka_shop_hair.n3cpart","","","","","","","","-1","12","7","5","0","22","14","15","16","16","18","0","0","0","0","0","0","1","1","100","100"
"22200","카루스 대장장이","chr\npc_ka_smith.n3joint","chr\npc_ka_smith.n3anim","item\npc_ka_smith_upper.n3cpart","item\npc_ka_smith_lower.n3cpart","item\npc_ka_smith_face.n3cpart","item\npc_ka_smith_hand.n3cpart","item\npc_ka_smith_foot.n3cpart","item\npc_ka_smith_hair.n3cpart","","","","","","","","-1","12","7","5","0","22","14","15","16","16","18","0","0","0","0","0","0","1","1","100","100"
"23101","워리어아크투아","Chr\upc_ka_at.n3joint","Chr\npc_ka_at.n3Anim","item\2_0020_01_1.n3cpart","item\2_0020_01_2.n3cpart","item\upc_ka_at_face.n3cpart","item\2_0020_01_4.n3cpart","item\2_0020_01_5.n3cpart","item\upc_ka_at_hair.n3cpart","","","","","","","","-1","12","7","5","0","22","14","15","50","50","51","0","0","0","0","0","0","1","0","100","100"
"23102","버서커아크투아","Chr\upc_ka_at.n3joint","Chr\npc_ka_at.n3Anim","item\2_0070_01_1.n3cpart","item\2_0070_01_2.n3cpart","item\upc_ka_at_face.n3cpart","item\2_0070_01_4.n3cpart","item\2_0070_01_5.n3cpart","item\upc_ka_at_hair.n3cpart","","","","","","","","-1","12","7","5","0","22","14","15","50","50","51","0","0","0","0","0","0","1","0","100","100"
"23103","버서커 마스터아크투아","Chr\upc_ka_at.n3joint","Chr\npc_ka_at.n3Anim","item\2_0800_01_1.n3cpart","item\2_0800_01_2.n3cpart","item\upc_ka_at_face.n3cpart","item\2_0800_01_4.n3cpart","item\2_0800_01_5.n3cpart","item\upc_ka_at_hair.n3cpart","","","","","","","","-1","12","7","5","0","22","14","15","50","50","51","0","0","0","0","0","0","1","0","100","100"
"23201","로그투아","Chr\upc_ka_tu.n3joint","Chr\npc_ka_tu_rog.n3Anim","item\2_0020_02_1.n3cpart","item\2_0020_02_2.n3cpart","item\upc_ka_tu_face.n3cpart","item\2_0020_02_4.n3cpart","item\2_0020_02_5.n3cpart","item\upc_ka_tu_hair.n3cpart","","","","","","","","-1","12","7","5","0","22","14","15","60","60","61","0","0","0","0","0","0","1","0","100","100"
"23202","헌터투아","Chr\upc_ka_tu.n3joint","Chr\npc_ka_tu_rog.n3Anim","item\2_0070_02_1.n3cpart","item\2_0070_02_2.n3cpart","item\upc_ka_tu_face.n3cpart","item\2_0070_02_4.n3cpart","item\2_0070_02_5.n3cpart","item\upc_ka_tu_hair.n3cpart","","","","","","","","-1","12","7","5","0","22","14","15","60","60","61","0","0","0","0","0","0","1","0","100","100"
"23203","헌터 마스터투아","Chr\upc_ka_tu.n3joint","Chr\npc_ka_tu_rog.n3Anim","item\2_4300_02_1.n3cpart","item\2_4300_02_2.n3cpart","item\upc_ka_tu_face.n3cpart","item\2_4300_02_4.n3cpart","item\2_4300_02_5.n3cpart","item\upc_ka_tu_hair.n3cpart","","","","","","","","-1","12","7","5","0","22","14","15","60","60","61","0","0","0","0","0","0","1","0","100","100"
"23301","위자드링클투아","Chr\upc_ka_wt.n3joint","Chr\npc_ka_wt.n3Anim","item\2_6100_03_1.n3cpart","item\2_6100_03_2.n3cpart","item\upc_ka_wt_face.n3cpart","item\2_6100_03_4.n3cpart","item\2_6100_03_5.n3cpart","item\upc_ka_wt_hair.n3cpart","","","","","","","","-1","12","7","5","0","22","14","15","70","70","71","0","0","0","0","0","0","1","0","100","100"
"23302","소서러링클투아","Chr\upc_ka_wt.n3joint","Chr\npc_ka_wt.n3Anim","item\2_6200_03_1.n3cpart","item\2_6200_03_2.n3cpart","item\upc_ka_wt_face.n3cpart","item\2_6200_03_4.n3cpart","item\2_6200_03_5.n3cpart","item\upc_ka_wt_hair.n3cpart","","","","","","","","-1","12","7","5","0","22","14","15","70","70","71","0","0","0","0","0","0","1","0","100","100"
"23303","아크 소서러링클투아","Chr\upc_ka_wt.n3joint","Chr\npc_ka_wt.n3Anim","item\2_6300_03_1.n3cpart","item\2_6300_03_2.n3cpart","item\upc_ka_wt_face.n3cpart","item\2_6300_03_4.n3cpart","item\2_6300_03_5.n3cpart","item\upc_ka_wt_hair.n3cpart","","","","","","","","-1","12","7","5","0","22","14","15","70","70","71","0","0","0","0","0","0","1","0","100","100"
"23401","프리스트투아","Chr\upc_ka_tu.n3joint","Chr\npc_ka_tu_prist.n3Anim","item\2_0810_02_1.n3cpart","item\2_0810_02_2.n3cpart","item\upc_ka_tu_face.n3cpart","item\2_0810_02_4.n3cpart","item\2_0810_02_5.n3cpart","item\upc_ka_tu_hair.n3cpart","","","","","","","","-1","12","7","5","0","22","14","15","60","60","61","0","0","0","0","0","0","1","0","100","100"
"23402","샤먼투아","Chr\upc_ka_tu.n3joint","Chr\npc_ka_tu_prist.n3Anim","item\2_0820_02_1.n3cpart","item\2_0820_02_2.n3cpart","item\upc_ka_tu_face.n3cpart","item\2_0820_02_4.n3cpart","item\2_0820_02_5.n3cpart","item\upc_ka_tu_hair.n3cpart","","","","","","","","-1","12","7","5","0","22","14","15","60","60","61","0","0","0","0","0","0","1","0","100","100"
"23403","아크 샤먼투아","Chr\upc_ka_tu.n3joint","Chr\npc_ka_tu_prist.n3Anim","item\2_8300_02_1.n3cpart","item\2_8300_02_2.n3cpart","item\upc_ka_tu_face.n3cpart","item\2_8300_02_4.n3cpart","item\2_8300_02_5.n3cpart","item\upc_ka_tu_hair.n3cpart","","","","","","","","-1","12","7","5","0","22","14","15","60","60","61","0","0","0","0","0","0","1","0","100","100"
"23404","프리스트퓨리투아","Chr\upc_el_rf.n3joint","Chr\npc_ka_pu.n3Anim","item\2_8100_04_1.n3cpart","item\2_8100_04_2.n3cpart","item\upc_ka_pu_face.n3cpart","item\2_8100_04_4.n3cpart","item\2_8100_04_5.n3cpart","item\upc_ka_pu_hair.n3cpart","","","","","","","","-1","12","7","5","0","22","14","15","19","19","21","0","0","0","0","0","0","1","0","100","100"
"23405","샤먼퓨리투아","Chr\upc_el_rf.n3joint","Chr\npc_ka_pu.n3Anim","item\2_8200_04_1.n3cpart","item\2_8200_04_2.n3cpart","item\upc_ka_pu_face.n3cpart","item\2_8200_04_4.n3cpart","item\2_8200_04_5.n3cpart","item\upc_ka_pu_hair.n3cpart","","","","","","","","-1","12","7","5","0","22","14","15","19","19","21","0","0","0","0","0","0","1","0","100","100"
"23406","아크 샤먼퓨리투아","Chr\upc_el_rf.n3joint","Chr\npc_ka_pu.n3Anim","item\2_8200_04_1.n3cpart","item\2_8200_04_2.n3cpart","item\upc_ka_pu_face.n3cpart","item\2_8200_04_4.n3cpart","item\2_8200_04_5.n3cpart","item\upc_ka_pu_hair.n3cpart","","","","","","","","-1","12","7","5","0","22","14","15","19","19","21","0","0","0","0","0","0","1","0","100","100"
"24000","브레스 수호석","Chr\obj_kaa_kugglin_stone.n3joint","Chr\obj_kaa_kugglin_stone.n3anim","item\obj_kaa_kugglin_stone_stone.n3cpart","item\obj_kaa_kugglin_stone_heart.n3cpart","","","","","","","","","","Chr\obj_kaa_kugglin_stone.n3chr","Chr\obj_kaa_kugglin_stone.n3fxplug","-1","0","0","0","0","0","0","0","0","0","0","0","0","0","0","1","0","0","1","100","100"
"24001","벨루아 수호석","Chr\obj_04ka_gardston_bellua.n3joint","","item\obj_04ka_gardston_bellua_up.n3cpart","item\obj_04ka_gardston_bellua_pol.n3cpart","item\obj_04ka_gardston_bellua_bell01.n3cpart","item\obj_04ka_gardston_bellua_bell00.n3cpart","","","","","","","","Chr\obj_04ka_gardston_bellua.n3chr","Chr\obj_04ka_gardston_bellua.n3fxplug","-1","0","0","0","0","0","0","0","0","0","0","0","0","0","0","1","0","0","1","100","100"
"24002","리나트 수호석","Chr\obj_kaa_linate_magic.n3joint","Chr\obj_kaa_linate_magic.n3anim","item\obj_kaa_linate_magic_book.n3cpart","item\obj_kaa_linate_magic_body.n3cpart","","","","","","","","","","Chr\obj_kaa_linate_magic.n3chr","Chr\obj_kaa_linate_magic.n3fxplug","-1","0","0","0","0","0","0","0","0","0","0","0","0","0","0","1","0","0","1","100","100"
"25000","토끼","Chr\npc_event_rabbit.n3joint","Chr\npc_event_rabbit.n3anim","item\npc_event_rabbit_body.n3cpart","item\npc_event_rabbit_leg.n3cpart","item\npc_event_rabbit_head.n3cpart","","","","","","","","","","","-1","12","7","5","0","100310","100010","100010","100210","100210","100110","0","100410","100420","0","0","0","1","0","100","100"
"25001","추석이벤트(여자)","Chr\npc_event_moon.n3joint","Chr\npc_moon.n3anim","item\npc_event_moon_cloth.n3cpart","item\npc_event_moon_face2.n3cpart","item\npc_event_moon_hair1.n3cpart","item\npc_event_moon_lower.n3cpart","item\npc_event_moon_skirt.n3cpart","item\npc_event_moon_upper.n3cpart","","","","","","","","-1","12","7","5","0","22","14","15","19","19","21","0","0","0","0","0","0","1","1","100","100"
"25002","던젼이동비석","Chr\obj_dunb_key01.n3joint","chr\canon.n3anim","item\obj_dunb_key01_body00.n3cpart","item\obj_dunb_key01_body01.n3cpart","","","","","","","","","","","","-1","12","7","5","0","22","14","15","19","19","21","0","109910","109910","0","0","109970","0","0","100","100"
"25003","크리스마스 트리","Chr\obj_co_xmastree.n3joint","chr\obj_co_xmastree.n3anim","item\obj_co_xmastree_post.n3cpart","item\obj_co_xmastree_leaf.n3cpart","item\obj_co_xmastree_decoration.n3cpart","","","","","","","","","","","-1","0","0","0","0","0","0","0","0","0","0","0","0","0","0","0","0","0","0","100","100"
"25100","부유상인","chr\richman.n3joint","chr\npc_richman.n3anim","item\richman_body.n3cpart","item\richman_flag.n3cpart","item\richman_star.n3cpart","","","","","","","","","","","-1","0","0","0","0","0","0","0","0","0","0","0","0","0","0","0","0","1","1","100","100"
"25200","sohu_npc","Chr\npc_1.n3joint","Chr\obj_ch_npc1.n3anim","item\npc_1_npc_1_body.n3cpart","item\npc_1_npc_1_leg.n3cpart","item\npc_1_npc_1_head.n3cpart","item\npc_1_npc_1_hand.n3cpart","item\npc_1_npc_1_foot.n3cpart","","","","","","","Chr\npc_1.n3chr","","-1","15","10","9","0","0","0","0","0","0","0","0","0","0","0","0","0","1","1","100","100"
"25300","카루스 호위몬스터","Chr\mob_karus.n3joint","Chr\mon_karumon.n3anim","item\mob_karus_upper.n3cpart","item\mob_karus_lower.n3cpart","item\mob_karus_face.n3cpart","item\mob_karus_hand.n3cpart","item\mob_karus_feets.n3cpart","item\mob_karus_armor.n3cpart","item\mob_karus_shild.n3cpart","item\mob_karus_weapon.n3cpart","","","","Chr\mob_karus.n3chr","","-1","0","0","0","0","0","0","0","0","0","0","0","0","0","0","0","0","1","0","100","100"
"25400","엘모라드 호위몬스터","Chr\rhino.n3joint","Chr\mon_elmon.n3anim","item\rhino_upper.n3cpart","item\rhino_lower.n3cpart","item\rhino_head.n3cpart","item\rhino_tugu.n3cpart","","","","","","","","Chr\rhino.n3chr","","-1","0","0","0","0","0","0","0","0","0","0","0","0","0","0","0","0","1","0","100","100"
"30010","투석기","Chr\war_cannon.n3joint","Chr\npc_war_cannon.n3anim","item\war_cannon_body.n3cpart","item\war_cannon_forntbody.n3cpart","item\war_cannon_horn.n3cpart","item\war_cannon_roll.n3cpart","item\war_cannon_surpport.n3cpart","item\war_cannon_cap.n3cpart","item\war_cannon_tail.n3cpart","item\war_cannon_frontweel.n3cpart","item\war_cannon_backweel.n3cpart","","item\war_cannon_collision.n3cskin","","chr\war_cannon.n3fxplug","-1","12","7","5","0","109520","109550","109560","109510","109510","109570","0","109510","109510","0","0","0","1","0","100","100"
"30020","진지","Chr\obj_war_clanstone.n3joint","chr\canon.n3anim","item\obj_war_clanstone_body00.n3cpart","item\obj_war_clanstone_body01.n3cpart","","","","","","","","","","","","0","12","7","5","0","22","14","15","19","19","21","0","109910","109910","0","0","109970","0","1","100","100"
"30030","공성전 가드타워","Chr\obj_war_tower.n3joint","chr\canon.n3anim","item\obj_war_tower_body.n3cpart","","","","","","","","","","","","","-1","12","7","5","0","22","14","15","19","19","21","0","109910","109910","0","0","109970","1","0","100","100"
"30040","충차","Chr\npc_war_chungcha.n3joint","chr\npc_war_chungcha.n3anim","item\npc_war_chungcha_body1.n3cpart","item\npc_war_chungcha_upbody.n3cpart","item\npc_war_chungcha_trill00.n3cpart","item\npc_war_chungcha_trill01.n3cpart","item\npc_war_chungcha_trill02.n3cpart","item\npc_war_chungcha_trill03.n3cpart","item\npc_war_chungcha_trill04.n3cpart","item\npc_war_chungcha_backweel.n3cpart","item\npc_war_chungcha_frontweel.n3cpart","","item\npc_war_chungcha_collision.n3cskin","","chr\npc_war_chungcha.n3fxplug","-1","12","7","5","0","109720","109750","109750","109710","109710","109770","0","109710","109710","0","0","0","1","0","100","100"
"30050","대장차","Chr\war_captain.n3joint","chr\npc_war_captain.n3anim","item\war_captain_body00.n3cpart","item\war_captain_body01.n3cpart","item\war_captain_wing.n3cpart","","","","","","","","item\war_captain_collision.n3cskin","","chr\war_captain.n3fxplug","-1","12","7","5","0","109620","109650","109660","109610","109610","109670","0","109610","109610","0","0","0","1","0","100","100"
"30060","사다리차","Chr\npc_war_laddercar.n3joint","chr\npc_war_laddercar.n3anim","item\npc_war_laddercar_body.n3cpart","item\npc_war_laddercar_cap.n3cpart","item\npc_war_laddercar_front1.n3cpart","item\npc_war_laddercar_horn.n3cpart","item\npc_war_laddercar_plan01.n3cpart","item\npc_war_laddercar_plan.n3cpart","item\npc_war_laddercar_surport.n3cpart","item\npc_war_laddercar_weel.n3cpart","item\npc_war_laddercar_wing.n3cpart","","item\npc_war_laddercar_collision.n3cskin","","chr\npc_war_laddercar.n3fxplug","-1","12","7","5","0","109820","109850","109850","109810","109810","109870","0","109810","109810","109840","0","0","1","0","100","100"
"30088","dong_copper","Chr\npc_dong_copper.n3joint","chr\npc_dong_copper.n3anim","item\obj_dunb_key01_body00.n0cpart","","","","","","","","","","","Chr\npc_dong_copper.n3chr","","-1","12","7","5","0","22","14","15","19","19","21","0","109910","109910","0","0","109970","0","0","100","100"
"30089","dong_silver","Chr\npc_dong_silver.n3joint","chr\npc_dong_silver.n3anim","item\obj_dunb_key01_body00.n1cpart","","","","","","","","","","","Chr\npc_dong_silver.n3chr","","-1","12","7","5","0","22","14","15","19","19","21","0","109910","109910","0","0","109970","0","0","100","100"
"30090","dong_gold","Chr\npc_dong_gold.n3joint","chr\npc_dong_gold.n3anim","item\obj_dunb_key01_body00.n2cpart","","","","","","","","","","","Chr\npc_dong_gold.n3chr","","-1","12","7","5","0","22","14","15","19","19","21","0","109910","109910","0","0","109970","0","0","100","100"
"30091","미니공성01","Chr\obj_ka_crystal01.n3joint","chr\default.n3anim","item\obj_ka_crystal01_in1.n3cpart","item\obj_ka_crystal01_out.n3cpart","item\obj_ka_crystal01_st.n3cpart","","","","","","","","","","","-1","12","7","5","0","22","14","15","19","19","21","0","109910","109910","0","1","109970","0","1","100","100"
"30092","미니공성02","Chr\obj_el_crystal02.n3joint","chr\default.n3anim","item\obj_el_crystal02_in1.n3cpart","item\obj_el_crystal02_out.n3cpart","item\obj_el_crystal02_st.n3cpart","","","","","","","","","","","-1","12","7","5","0","22","14","15","19","19","21","0","109910","109910","0","1","109970","0","1","100","100"
"30094","el_dong_gold","Chr\el_dong_gold.n3joint","Chr\el_dong_gold.n3anim","","","","","","","","","","","","Chr\el_dong_gold.n3chr","","-1","12","7","5","0","22","14","15","19","19","21","0","109910","109910","0","0","109970","0","0","100","100"
"30100","빅토리게이트","Chr\npc_dunb_bindpoint.n3joint","chr\default.n3anim","item\npc_dunb_bindpoint_upper.n3cpart","","item\npc_dunb_bindpoint_filla.n3cpart","","","","","","","","","","chr\victory_gate.n3fxplug","-1","12","7","5","0","22","14","15","19","19","21","0","109910","109910","0","1","109970","0","1","100","100"
